{
    "Positive": [
        96.39999999999999,
        97.89999999999999,
        69.6,
        70.8,
        93.2,
        67.80000000000001,
        99.9
    ],
    "Neutral": [
        57.3,
        57.9,
        64.0
    ]
}